{
    "V_1": 1.0,
    "theta_1": 0.0,
    "V_2": 1.0,
    "theta_2": 0.0,
    "V_3": 1.0,
    "theta_3": 0.0,
    "V_4": 1.0,
    "theta_4": 0.0,
    "V_5": 1.0,
    "theta_5": 0.0,
    "omega_coi": 1.0,
    "delta_1": 1.0732930333304953,
    "omega_1": 1.0,
    "e1q_1": 0.9304181815748652,
    "e1d_1": 0.6326677622535553,
    "i_q_1": 0.42950968245319454,
    "i_d_1": 0.790899129269312,
    "p_g_1": 0.9,
    "q_g_1": 0.0,
    "v_c_1": 1,
    "xi_r_1": 0.23076923076923078,
    "x_a_1": 0.23076923076923078,
    "xi_m_1": 0.0,
    "v_f_1": 1.5,
    "v_ref_1": 1,
    "x_w1_pss_1": 0.0,
    "x_w2_pss_1": 0.0,
    "x_w3_pss_1": 0.0,
    "x_p_pss_1": 0.0,
    "x_r1_pss_1": 0.0,
    "x_r2_pss_1": 0.0,
    "x_r3_pss_1": 0.0,
    "x_r4_pss_1": 0.0,
    "x_r5_pss_1": 0.0,
    "x_r6_pss_1": 0.0,
    "x_l1_pss_1": 0.0,
    "x_l2_pss_1": 0.0,
    "v_pss_1": 0.0,
    "x_lc_1": 0.9,
    "p_m_1": 0.9,
    "delta_4": 0.9367736071314746,
    "omega_4": 1.0,
    "e1q_4": 0.946876896043265,
    "e1d_4": 0.5449992144393166,
    "i_q_4": 0.47391236038201434,
    "i_d_4": 0.6445208101195398,
    "p_g_4": 0.8,
    "q_g_4": 0.0,
    "v_f_4": 1.5,
    "v_c_4": 1,
    "x_lead_4": 0.005,
    "v_ref_4": 1.005,
    "x_3_gov_4": 0.5,
    "x_4_gov_4": 0.5,
    "x_5_gov_4": 0.5,
    "x_6_gov_4": 0.5,
    "p_m_4": 0.5,
    "p_z_f_2": 0.0,
    "q_z_f_2": 0.0,
    "g_load_2": 0.0,
    "b_load_2": 0.0,
    "i_p_2": 1.25,
    "i_q_2": 0.0,
    "p_z_f_3": 0.0,
    "q_z_f_3": 0.0,
    "g_load_3": 0.0,
    "b_load_3": 0.0,
    "i_p_3": 4.0,
    "i_q_3": 0.0,
    "xi_agc": 500.0,
    "p_c_4": 0.5,
    "x_1_gov_4": 0.5,
    "x_2_gov_4": 0.5
}